id	surface	spec	production	status	reason	workaround	diagnostic	fixture	exit
M01	mixed	Short variable declarations	ShortVarDecl	supported	Go binding at statement start; shell expansion sees the value's text			M01.bsh	0
M02	mixed	Function declarations	FunctionDecl	supported	Typed function; a call written as a shell word binds or expands its result			M02.bsh	0
M03	mixed	Function declarations	Result (T, error)	supported	Multiple results bind with :=; a nil error projects as the text nil			M03.bsh	0
M04	mixed	Import declarations	ImportDecl (standard library)	supported	Quoted import path; package calls work as Go expressions			M04.bsh	0
M05	mixed	Composite literals	CompositeLit (map), index assignment, len	supported	Map literal, element assignment and len behave as in Go			M05.bsh	0
M06	mixed	Send statements	SendStmt, receive operator, GoStmt	supported	Channels and a go statement with a function literal			M06.bsh	0
M07	mixed	Address operators	UnaryExpr & and * (assignment through a pointer)	supported	Pointer to a Go binding; assignment through it updates the binding			M07.bsh	0
M08	mixed	Go statements	GoStmt closure capture	limited	A goroutine started in mixed text receives a snapshot of ordinary Go bindings, so its writes do not reach the parent (Go would print x=9); channels are the synchronization and transfer mechanism	Send the value back on a channel, or put the shared-variable code in a package-led Go unit or a Go island		M08.bsh	0
M09	mixed	If statements	IfStmt between shell commands	gap	Top-level Go control-flow blocks are not shipped; they work inside a typed func body	Move the block into a func and call it (bashsharp-tour 03-go/02-funcs), or run the code as a package-led Go unit	`}` can only be used to close a block	M09.bsh	2
M10	mixed	For statements	RangeClause in a func body	gap	A range loop in a mixed-text func body is not accepted; counted for loops are	Use an indexed for loop, or a package-led Go unit or Go island	for condition must be a scalar expression	M10.bsh	2
M11	mixed	Type parameter declarations	TypeConstraint with a union (int | float64)	gap	Union constraints are rejected at the declaration	Constrain with any or comparable, or use a package-led Go unit or Go island	syntax error near unexpected token `float64]'	M11.bsh	2
M12	mixed	Selectors	SelectorExpr on a struct value bound at the top level	gap	A typed function that returns a field of a struct parameter yields the selector text (j.ID) instead of the value. A defect, not a design choice	Use a package-led Go unit (U01) or a Go island, where struct values and methods work		M12.bsh	0
M13	mixed	Type declarations	TypeDecl (type NAME TYPE)	limited	type NAME TYPE is always a Go declaration in the dialect, so the shell builtin form with two operands now reports an undefined type	command type foo bar (explicit builtin)	undefined type: bar	M13.bsh	0
M14	mixed	Comments	Unquoted // at the start of a word	limited	// begins a comment in mixed text even after a shell command; http://x and quoted words stay literal	Quote the word: "//path"		M14.bsh	0
M15	mixed	Source file	PackageClause after the first statement	excluded	A package clause starts a whole Go compilation unit; it is not a declaration inside a script	Start the file with package (a Go unit), or put the program in a .go file, a ~~~go fence or embed go	package must begin a Go compilation unit	M15.bsh	2
M16	mixed	Import declarations	ImportSpec with a raw-string path	excluded	Backquotes are shell command substitution at a mixed start site	Use a double-quoted import path	invalid import statement; use command import	M16.bsh	2
M17	mixed	Import declarations	import "C" (cgo)	excluded	cgo needs a C toolchain and native ABI outside the mixed evaluator	Put the C source in a ~~~c island, or use a Go unit with a cgo preamble	no authenticated package-scoped cgo metadata	M17.bsh	1
U01	unit	Source file	SourceFile led by a package clause (.bsh or stdin)	supported	A file that starts with package runs as an interpreted Go unit: types, methods, interfaces, generics, closures, goroutines. Tour of Go 97/97 and Go by Example 85/85 are measured here			U01.bsh	0
U02	unit	Package unsafe	Pointer reinterpretation of interpreter-owned values	excluded	Interpreter-owned values have no native byte layout (operator decision 2026-10-04); existing tested emulation stays, none is added	Do the reinterpretation in a ~~~go fence or embed go	BASHPP-EUNSAFE-VIEW	U02.bsh	1
I01	island	Function declarations	~~~go as ALIAS with exported functions	supported	A compiled worker exposes exported functions through a typed bridge; the nearest go.mod supplies the module			I01.bsh	0
I02	island	Source file	~~~go fence holding package main	supported	A package main fence is built with the provisioned toolchain and run as a program with the script's streams and arguments			I02.bsh	0
I03	island	Source file	embed go "./file.go" holding package main	supported	The embedded file is built and run like a package main fence			I03.bsh	0
I04	island	Source file	package main fence or embed with an alias	excluded	A program is run, not called; it has no functions to expose under an alias	Drop the alias, or expose functions from a non-main package	package main Go fence runs as a program and cannot have alias	I04.bsh	1
I05	island	Source file	A .go file or --source=go FILE	supported	Whole Go source is compiled with the provisioned toolchain from its nearest go.mod; it is not interpreted. An explicit --bashsharp keeps the interpreted route used by the corpus harness			I05.go	0
I06	island	Source file	A .go file whose package is not main	excluded	A library package cannot run as a program	Expose its exported functions from a ~~~go fence in a .bsh script	cannot run as a program	I06.go	2
I07	island	Modules	Go fence or embed without a go.mod	excluded	Module context is never discovered from the network or guessed; the nearest go.mod (or a ~~~gomod fence) is required	Add a go.mod beside the script or a ~~~gomod fence	requires a nearest go.mod	I07.bsh	1
