root	runner	action	mode	class	family	reason	destination	first_line
testdir:abi/part_live.go	testdir	run	interpreted	excluded	unsafe-reinterpretation	unsafe.Pointer memory reinterpretation: the interpreter has no native memory model	recorded-limitation:D7-unsafe-pointer	abi/part_live.go:34:34: BASHPP-EEXPR-FORM: unsupported scalar expression *syntax.BashPPAddressExpr
testdir:abi/part_live_2.go	testdir	run	interpreted	excluded	unsafe-reinterpretation	unsafe.Pointer memory reinterpretation: the interpreter has no native memory model	recorded-limitation:D7-unsafe-pointer	abi/part_live_2.go:39:34: BASHPP-EEXPR-FORM: unsupported scalar expression *syntax.BashPPAddressExpr
testdir:abi/result_live.go	testdir	errorcheck	interpreted	excluded	compiler-diagnostic	test asserts gc optimizer output (-m/-d=); an interpreter has no optimizer to report on	recorded-limitation:retained-artifact-row	Bash++ backend unsupported: optimizer diagnostics are a compiler artifact; the check interface has no inlining, escape-analysis or SSA meaning
testdir:asmhdr.go	testdir	buildrundir	interpreted	excluded	assembly-companion	execute-phase .s companion: assembly must run natively	recorded-limitation:2026-09-24-g5	Bash++ backend unsupported generate phase: compile input "<run>" is not a Go source file
testdir:bloop.go	testdir	errorcheck	interpreted	excluded	compiler-diagnostic	test asserts gc optimizer output (-m/-d=); an interpreter has no optimizer to report on	recorded-limitation:retained-artifact-row	Bash++ backend unsupported: optimizer diagnostics are a compiler artifact; the check interface has no inlining, escape-analysis or SSA meaning
testdir:bounds.go	testdir	errorcheck	interpreted	excluded	compiler-diagnostic	test asserts gc optimizer output (-m/-d=); an interpreter has no optimizer to report on	recorded-limitation:retained-artifact-row	Bash++ backend unsupported: optimizer diagnostics are a compiler artifact; the check interface has no inlining, escape-analysis or SSA meaning
testdir:checkbce.go	testdir	errorcheck	interpreted	excluded	compiler-diagnostic	test asserts gc optimizer output (-m/-d=); an interpreter has no optimizer to report on	recorded-limitation:retained-artifact-row	Bash++ backend unsupported: optimizer diagnostics are a compiler artifact; the check interface has no inlining, escape-analysis or SSA meaning
testdir:closure3.go	testdir	errorcheckandrundir	interpreted	excluded	compiler-diagnostic	test asserts gc optimizer output (-m/-d=); an interpreter has no optimizer to report on	recorded-limitation:2026-09-24-g5	main.go:15: missing error "can inline main.func1"
testdir:cmp.go	testdir	run	interpreted	excluded	unsafe-reinterpretation	unsafe.Pointer memory reinterpretation: the interpreter has no native memory model	recorded-limitation:D7-unsafe-pointer	cmp.go:20:70: BASHPP-EEXPR-FORM: unsupported scalar expression *syntax.BashPPAddressExpr
testdir:codegen/addrcalc.go	testdir	none	interpreted	excluded	asmcheck	test matches generated machine code (asmcheck); an interpreter emits none	recorded-limitation:retained-artifact-row	linux/amd64/v1
testdir:codegen/alloc.go	testdir	none	interpreted	excluded	asmcheck	test matches generated machine code (asmcheck); an interpreter emits none	recorded-limitation:retained-artifact-row	linux/amd64/v1
testdir:codegen/append.go	testdir	none	interpreted	excluded	asmcheck	test matches generated machine code (asmcheck); an interpreter emits none	recorded-limitation:retained-artifact-row	linux/amd64/v1
testdir:codegen/arithmetic.go	testdir	none	interpreted	excluded	asmcheck	test matches generated machine code (asmcheck); an interpreter emits none	recorded-limitation:retained-artifact-row	linux/amd64/v1
testdir:codegen/atomics.go	testdir	none	interpreted	excluded	asmcheck	test matches generated machine code (asmcheck); an interpreter emits none	recorded-limitation:retained-artifact-row	linux/amd64/v1
testdir:codegen/bits.go	testdir	none	interpreted	excluded	asmcheck	test matches generated machine code (asmcheck); an interpreter emits none	recorded-limitation:retained-artifact-row	linux/amd64/v1
testdir:codegen/bmi.go	testdir	none	interpreted	excluded	asmcheck	test matches generated machine code (asmcheck); an interpreter emits none	recorded-limitation:retained-artifact-row	linux/amd64/v3
testdir:codegen/bool.go	testdir	none	interpreted	excluded	asmcheck	test matches generated machine code (asmcheck); an interpreter emits none	recorded-limitation:retained-artifact-row	linux/amd64/v1
testdir:codegen/clobberdead.go	testdir	none	interpreted	excluded	asmcheck	test matches generated machine code (asmcheck); an interpreter emits none	recorded-limitation:retained-artifact-row	linux/amd64/v1
testdir:codegen/clobberdeadreg.go	testdir	none	interpreted	excluded	asmcheck	test matches generated machine code (asmcheck); an interpreter emits none	recorded-limitation:retained-artifact-row	linux/amd64/v1
testdir:codegen/comparisons.go	testdir	none	interpreted	excluded	asmcheck	test matches generated machine code (asmcheck); an interpreter emits none	recorded-limitation:retained-artifact-row	linux/amd64/v1
testdir:codegen/condmove.go	testdir	none	interpreted	excluded	asmcheck	test matches generated machine code (asmcheck); an interpreter emits none	recorded-limitation:retained-artifact-row	linux/amd64/v1
testdir:codegen/constants.go	testdir	none	interpreted	excluded	asmcheck	test matches generated machine code (asmcheck); an interpreter emits none	recorded-limitation:retained-artifact-row	linux/amd64/v1
testdir:codegen/copy.go	testdir	none	interpreted	excluded	asmcheck	test matches generated machine code (asmcheck); an interpreter emits none	recorded-limitation:retained-artifact-row	linux/amd64/v1
testdir:codegen/deadstore.go	testdir	none	interpreted	excluded	asmcheck	test matches generated machine code (asmcheck); an interpreter emits none	recorded-limitation:retained-artifact-row	linux/amd64/v1
testdir:codegen/floats.go	testdir	none	interpreted	excluded	asmcheck	test matches generated machine code (asmcheck); an interpreter emits none	recorded-limitation:retained-artifact-row	linux/amd64/v1
testdir:codegen/fuse.go	testdir	none	interpreted	excluded	asmcheck	test matches generated machine code (asmcheck); an interpreter emits none	recorded-limitation:retained-artifact-row	linux/amd64/v1
testdir:codegen/generics.go	testdir	none	interpreted	excluded	asmcheck	test matches generated machine code (asmcheck); an interpreter emits none	recorded-limitation:retained-artifact-row	linux/amd64/v1
testdir:codegen/ifaces.go	testdir	none	interpreted	excluded	asmcheck	test matches generated machine code (asmcheck); an interpreter emits none	recorded-limitation:retained-artifact-row	linux/amd64/v1
testdir:codegen/issue22703.go	testdir	none	interpreted	excluded	asmcheck	test matches generated machine code (asmcheck); an interpreter emits none	recorded-limitation:retained-artifact-row	linux/amd64/v1
testdir:codegen/issue25378.go	testdir	none	interpreted	excluded	asmcheck	test matches generated machine code (asmcheck); an interpreter emits none	recorded-limitation:retained-artifact-row	linux/amd64/v1
testdir:codegen/issue31618.go	testdir	none	interpreted	excluded	asmcheck	test matches generated machine code (asmcheck); an interpreter emits none	recorded-limitation:retained-artifact-row	linux/amd64/v1
testdir:codegen/issue33580.go	testdir	none	interpreted	excluded	asmcheck	test matches generated machine code (asmcheck); an interpreter emits none	recorded-limitation:retained-artifact-row	linux/amd64/v1
testdir:codegen/issue38554.go	testdir	none	interpreted	excluded	asmcheck	test matches generated machine code (asmcheck); an interpreter emits none	recorded-limitation:retained-artifact-row	linux/amd64/v1
testdir:codegen/issue48054.go	testdir	none	interpreted	excluded	asmcheck	test matches generated machine code (asmcheck); an interpreter emits none	recorded-limitation:retained-artifact-row	linux/amd64/v1
testdir:codegen/issue52635.go	testdir	none	interpreted	excluded	asmcheck	test matches generated machine code (asmcheck); an interpreter emits none	recorded-limitation:retained-artifact-row	linux/amd64/v1
testdir:codegen/issue54467.go	testdir	none	interpreted	excluded	asmcheck	test matches generated machine code (asmcheck); an interpreter emits none	recorded-limitation:retained-artifact-row	linux/amd64/v1
testdir:codegen/issue56440.go	testdir	none	interpreted	excluded	asmcheck	test matches generated machine code (asmcheck); an interpreter emits none	recorded-limitation:retained-artifact-row	linux/amd64/v1
testdir:codegen/issue58166.go	testdir	none	interpreted	excluded	asmcheck	test matches generated machine code (asmcheck); an interpreter emits none	recorded-limitation:retained-artifact-row	linux/amd64/v1
testdir:codegen/issue59297.go	testdir	none	interpreted	excluded	asmcheck	test matches generated machine code (asmcheck); an interpreter emits none	recorded-limitation:retained-artifact-row	linux/amd64/v1
testdir:codegen/issue60324.go	testdir	none	interpreted	excluded	asmcheck	test matches generated machine code (asmcheck); an interpreter emits none	recorded-limitation:retained-artifact-row	linux/amd64/v1
testdir:codegen/issue61356.go	testdir	none	interpreted	excluded	asmcheck	test matches generated machine code (asmcheck); an interpreter emits none	recorded-limitation:retained-artifact-row	linux/amd64/v1
testdir:codegen/issue63332.go	testdir	none	interpreted	excluded	asmcheck	test matches generated machine code (asmcheck); an interpreter emits none	recorded-limitation:retained-artifact-row	linux/amd64/v1
testdir:codegen/issue66585.go	testdir	none	interpreted	excluded	asmcheck	test matches generated machine code (asmcheck); an interpreter emits none	recorded-limitation:retained-artifact-row	linux/amd64/v1
testdir:codegen/issue68845.go	testdir	none	interpreted	excluded	asmcheck	test matches generated machine code (asmcheck); an interpreter emits none	recorded-limitation:retained-artifact-row	linux/amd64/v1
testdir:codegen/issue69635.go	testdir	none	interpreted	excluded	asmcheck	test matches generated machine code (asmcheck); an interpreter emits none	recorded-limitation:retained-artifact-row	linux/amd64/v1
testdir:codegen/issue70409.go	testdir	none	interpreted	excluded	asmcheck	test matches generated machine code (asmcheck); an interpreter emits none	recorded-limitation:retained-artifact-row	linux/amd64/v1
testdir:codegen/issue72832.go	testdir	none	interpreted	excluded	asmcheck	test matches generated machine code (asmcheck); an interpreter emits none	recorded-limitation:retained-artifact-row	linux/amd64/v1
testdir:codegen/issue74485.go	testdir	none	interpreted	excluded	asmcheck	test matches generated machine code (asmcheck); an interpreter emits none	recorded-limitation:retained-artifact-row	linux/amd64/v1
testdir:codegen/issue74788.go	testdir	none	interpreted	excluded	asmcheck	test matches generated machine code (asmcheck); an interpreter emits none	recorded-limitation:retained-artifact-row	linux/amd64/v1
testdir:codegen/issue75203.go	testdir	none	interpreted	excluded	asmcheck	test matches generated machine code (asmcheck); an interpreter emits none	recorded-limitation:retained-artifact-row	linux/amd64/v1
testdir:codegen/issue77375.go	testdir	none	interpreted	excluded	asmcheck	test matches generated machine code (asmcheck); an interpreter emits none	recorded-limitation:retained-artifact-row	linux/amd64/v1
testdir:codegen/known_bits.go	testdir	none	interpreted	excluded	asmcheck	test matches generated machine code (asmcheck); an interpreter emits none	recorded-limitation:retained-artifact-row	linux/amd64/v1
testdir:codegen/load_type_from_itab.go	testdir	none	interpreted	excluded	asmcheck	test matches generated machine code (asmcheck); an interpreter emits none	recorded-limitation:retained-artifact-row	linux/amd64/v1
testdir:codegen/logic.go	testdir	none	interpreted	excluded	asmcheck	test matches generated machine code (asmcheck); an interpreter emits none	recorded-limitation:retained-artifact-row	linux/amd64/v1
testdir:codegen/mapaccess.go	testdir	none	interpreted	excluded	asmcheck	test matches generated machine code (asmcheck); an interpreter emits none	recorded-limitation:retained-artifact-row	linux/amd64/v1
testdir:codegen/maps.go	testdir	none	interpreted	excluded	asmcheck	test matches generated machine code (asmcheck); an interpreter emits none	recorded-limitation:retained-artifact-row	linux/amd64/v1
testdir:codegen/math.go	testdir	none	interpreted	excluded	asmcheck	test matches generated machine code (asmcheck); an interpreter emits none	recorded-limitation:retained-artifact-row	linux/amd64/v1
testdir:codegen/mathbits.go	testdir	none	interpreted	excluded	asmcheck	test matches generated machine code (asmcheck); an interpreter emits none	recorded-limitation:retained-artifact-row	linux/amd64/v1
testdir:codegen/memcombine.go	testdir	none	interpreted	excluded	asmcheck	test matches generated machine code (asmcheck); an interpreter emits none	recorded-limitation:retained-artifact-row	linux/amd64/v1
testdir:codegen/memops.go	testdir	none	interpreted	excluded	asmcheck	test matches generated machine code (asmcheck); an interpreter emits none	recorded-limitation:retained-artifact-row	linux/amd64/v1
testdir:codegen/moveload.go	testdir	none	interpreted	excluded	asmcheck	test matches generated machine code (asmcheck); an interpreter emits none	recorded-limitation:retained-artifact-row	linux/amd64/v1
testdir:codegen/multiply.go	testdir	none	interpreted	excluded	asmcheck	test matches generated machine code (asmcheck); an interpreter emits none	recorded-limitation:retained-artifact-row	linux/amd64/v1
testdir:codegen/race.go	testdir	none	interpreted	excluded	asmcheck	test matches generated machine code (asmcheck); an interpreter emits none	recorded-limitation:retained-artifact-row	linux/amd64/v1
testdir:codegen/reflect_type.go	testdir	none	interpreted	excluded	asmcheck	test matches generated machine code (asmcheck); an interpreter emits none	recorded-limitation:retained-artifact-row	linux/amd64/v1
testdir:codegen/regabi_regalloc.go	testdir	none	interpreted	excluded	asmcheck	test matches generated machine code (asmcheck); an interpreter emits none	recorded-limitation:retained-artifact-row	linux/amd64/v1
testdir:codegen/retpoline.go	testdir	none	interpreted	excluded	asmcheck	test matches generated machine code (asmcheck); an interpreter emits none	recorded-limitation:retained-artifact-row	linux/amd64/v1
testdir:codegen/rotate.go	testdir	none	interpreted	excluded	asmcheck	test matches generated machine code (asmcheck); an interpreter emits none	recorded-limitation:retained-artifact-row	linux/amd64/v1
testdir:codegen/schedule.go	testdir	none	interpreted	excluded	asmcheck	test matches generated machine code (asmcheck); an interpreter emits none	recorded-limitation:retained-artifact-row	linux/amd64/v1
testdir:codegen/select.go	testdir	none	interpreted	excluded	asmcheck	test matches generated machine code (asmcheck); an interpreter emits none	recorded-limitation:retained-artifact-row	linux/amd64/v1
testdir:codegen/shape_assert.go	testdir	none	interpreted	excluded	asmcheck	test matches generated machine code (asmcheck); an interpreter emits none	recorded-limitation:retained-artifact-row	linux/amd64/v1
testdir:codegen/shift.go	testdir	none	interpreted	excluded	asmcheck	test matches generated machine code (asmcheck); an interpreter emits none	recorded-limitation:retained-artifact-row	linux/amd64/v1
testdir:codegen/shortcircuit.go	testdir	none	interpreted	excluded	asmcheck	test matches generated machine code (asmcheck); an interpreter emits none	recorded-limitation:retained-artifact-row	linux/amd64/v1
testdir:codegen/slices.go	testdir	none	interpreted	excluded	asmcheck	test matches generated machine code (asmcheck); an interpreter emits none	recorded-limitation:retained-artifact-row	linux/amd64/v1
testdir:codegen/smallintiface.go	testdir	none	interpreted	excluded	asmcheck	test matches generated machine code (asmcheck); an interpreter emits none	recorded-limitation:retained-artifact-row	linux/amd64/v1
testdir:codegen/spectre.go	testdir	none	interpreted	excluded	asmcheck	test matches generated machine code (asmcheck); an interpreter emits none	recorded-limitation:retained-artifact-row	linux/amd64/v1
testdir:codegen/stack.go	testdir	none	interpreted	excluded	asmcheck	test matches generated machine code (asmcheck); an interpreter emits none	recorded-limitation:retained-artifact-row	linux/amd64/v1
testdir:codegen/strings.go	testdir	none	interpreted	excluded	asmcheck	test matches generated machine code (asmcheck); an interpreter emits none	recorded-limitation:retained-artifact-row	linux/amd64/v1
testdir:codegen/structs.go	testdir	none	interpreted	excluded	asmcheck	test matches generated machine code (asmcheck); an interpreter emits none	recorded-limitation:retained-artifact-row	linux/amd64/v1
testdir:codegen/switch.go	testdir	asmcheck	interpreted	excluded	asmcheck	test matches generated machine code (asmcheck); an interpreter emits none	recorded-limitation:2026-09-24-g5	linux/amd64/v1
testdir:codegen/typeswitch.go	testdir	none	interpreted	excluded	asmcheck	test matches generated machine code (asmcheck); an interpreter emits none	recorded-limitation:retained-artifact-row	linux/amd64/v1
testdir:codegen/unique.go	testdir	none	interpreted	excluded	asmcheck	test matches generated machine code (asmcheck); an interpreter emits none	recorded-limitation:retained-artifact-row	linux/amd64/v1
testdir:codegen/unsafe.go	testdir	none	interpreted	excluded	asmcheck	test matches generated machine code (asmcheck); an interpreter emits none	recorded-limitation:retained-artifact-row	linux/amd64/v1
testdir:codegen/writebarrier.go	testdir	none	interpreted	excluded	asmcheck	test matches generated machine code (asmcheck); an interpreter emits none	recorded-limitation:retained-artifact-row	linux/amd64/v1
testdir:codegen/zerosize.go	testdir	none	interpreted	excluded	asmcheck	test matches generated machine code (asmcheck); an interpreter emits none	recorded-limitation:retained-artifact-row	linux/amd64/v1
testdir:defererrcheck.go	testdir	errorcheck	interpreted	excluded	compiler-diagnostic	test asserts gc optimizer output (-m/-d=); an interpreter has no optimizer to report on	recorded-limitation:retained-artifact-row	Bash++ backend unsupported: optimizer diagnostics are a compiler artifact; the check interface has no inlining, escape-analysis or SSA meaning
testdir:devirt.go	testdir	errorcheck	interpreted	excluded	compiler-diagnostic	test asserts gc optimizer output (-m/-d=); an interpreter has no optimizer to report on	recorded-limitation:retained-artifact-row	Bash++ backend unsupported: optimizer diagnostics are a compiler artifact; the check interface has no inlining, escape-analysis or SSA meaning
testdir:devirtualization.go	testdir	errorcheck	interpreted	excluded	compiler-diagnostic	test asserts gc optimizer output (-m/-d=); an interpreter has no optimizer to report on	recorded-limitation:retained-artifact-row	Bash++ backend unsupported: optimizer diagnostics are a compiler artifact; the check interface has no inlining, escape-analysis or SSA meaning
testdir:devirtualization_with_type_assertions_interleaved.go	testdir	errorcheck	interpreted	excluded	compiler-diagnostic	test asserts gc optimizer output (-m/-d=); an interpreter has no optimizer to report on	recorded-limitation:retained-artifact-row	Bash++ backend unsupported: optimizer diagnostics are a compiler artifact; the check interface has no inlining, escape-analysis or SSA meaning
testdir:escape2.go	testdir	errorcheck	interpreted	excluded	compiler-diagnostic	test asserts gc optimizer output (-m/-d=); an interpreter has no optimizer to report on	recorded-limitation:retained-artifact-row	Bash++ backend unsupported: optimizer diagnostics are a compiler artifact; the check interface has no inlining, escape-analysis or SSA meaning
testdir:escape2n.go	testdir	errorcheck	interpreted	excluded	compiler-diagnostic	test asserts gc optimizer output (-m/-d=); an interpreter has no optimizer to report on	recorded-limitation:retained-artifact-row	Bash++ backend unsupported: optimizer diagnostics are a compiler artifact; the check interface has no inlining, escape-analysis or SSA meaning
testdir:escape4.go	testdir	errorcheck	interpreted	excluded	compiler-diagnostic	test asserts gc optimizer output (-m/-d=); an interpreter has no optimizer to report on	recorded-limitation:retained-artifact-row	Bash++ backend unsupported: optimizer diagnostics are a compiler artifact; the check interface has no inlining, escape-analysis or SSA meaning
testdir:escape5.go	testdir	errorcheck	interpreted	excluded	compiler-diagnostic	test asserts gc optimizer output (-m/-d=); an interpreter has no optimizer to report on	recorded-limitation:retained-artifact-row	Bash++ backend unsupported: optimizer diagnostics are a compiler artifact; the check interface has no inlining, escape-analysis or SSA meaning
testdir:escape6.go	testdir	errorcheck	interpreted	excluded	compiler-diagnostic	test asserts gc optimizer output (-m/-d=); an interpreter has no optimizer to report on	recorded-limitation:retained-artifact-row	Bash++ backend unsupported: optimizer diagnostics are a compiler artifact; the check interface has no inlining, escape-analysis or SSA meaning
testdir:escape_array.go	testdir	errorcheck	interpreted	excluded	compiler-diagnostic	test asserts gc optimizer output (-m/-d=); an interpreter has no optimizer to report on	recorded-limitation:retained-artifact-row	Bash++ backend unsupported: optimizer diagnostics are a compiler artifact; the check interface has no inlining, escape-analysis or SSA meaning
testdir:escape_bloop.go	testdir	errorcheck	interpreted	excluded	compiler-diagnostic	test asserts gc optimizer output (-m/-d=); an interpreter has no optimizer to report on	recorded-limitation:retained-artifact-row	Bash++ backend unsupported: optimizer diagnostics are a compiler artifact; the check interface has no inlining, escape-analysis or SSA meaning
testdir:escape_calls.go	testdir	errorcheck	interpreted	excluded	compiler-diagnostic	test asserts gc optimizer output (-m/-d=); an interpreter has no optimizer to report on	recorded-limitation:retained-artifact-row	Bash++ backend unsupported: optimizer diagnostics are a compiler artifact; the check interface has no inlining, escape-analysis or SSA meaning
testdir:escape_closure.go	testdir	errorcheck	interpreted	excluded	compiler-diagnostic	test asserts gc optimizer output (-m/-d=); an interpreter has no optimizer to report on	recorded-limitation:retained-artifact-row	Bash++ backend unsupported: optimizer diagnostics are a compiler artifact; the check interface has no inlining, escape-analysis or SSA meaning
testdir:escape_field.go	testdir	errorcheck	interpreted	excluded	compiler-diagnostic	test asserts gc optimizer output (-m/-d=); an interpreter has no optimizer to report on	recorded-limitation:retained-artifact-row	Bash++ backend unsupported: optimizer diagnostics are a compiler artifact; the check interface has no inlining, escape-analysis or SSA meaning
testdir:escape_goto.go	testdir	errorcheck	interpreted	excluded	compiler-diagnostic	test asserts gc optimizer output (-m/-d=); an interpreter has no optimizer to report on	recorded-limitation:retained-artifact-row	Bash++ backend unsupported: optimizer diagnostics are a compiler artifact; the check interface has no inlining, escape-analysis or SSA meaning
testdir:escape_hash_maphash.go	testdir	errorcheck	interpreted	excluded	compiler-diagnostic	test asserts gc optimizer output (-m/-d=); an interpreter has no optimizer to report on	recorded-limitation:retained-artifact-row	Bash++ backend unsupported: optimizer diagnostics are a compiler artifact; the check interface has no inlining, escape-analysis or SSA meaning
testdir:escape_iface.go	testdir	errorcheck	interpreted	excluded	compiler-diagnostic	test asserts gc optimizer output (-m/-d=); an interpreter has no optimizer to report on	recorded-limitation:retained-artifact-row	Bash++ backend unsupported: optimizer diagnostics are a compiler artifact; the check interface has no inlining, escape-analysis or SSA meaning
testdir:escape_iface_data.go	testdir	errorcheck	interpreted	excluded	compiler-diagnostic	test asserts gc optimizer output (-m/-d=); an interpreter has no optimizer to report on	recorded-limitation:retained-artifact-row	Bash++ backend unsupported: optimizer diagnostics are a compiler artifact; the check interface has no inlining, escape-analysis or SSA meaning
testdir:escape_indir.go	testdir	errorcheck	interpreted	excluded	compiler-diagnostic	test asserts gc optimizer output (-m/-d=); an interpreter has no optimizer to report on	recorded-limitation:retained-artifact-row	Bash++ backend unsupported: optimizer diagnostics are a compiler artifact; the check interface has no inlining, escape-analysis or SSA meaning
testdir:escape_level.go	testdir	errorcheck	interpreted	excluded	compiler-diagnostic	test asserts gc optimizer output (-m/-d=); an interpreter has no optimizer to report on	recorded-limitation:retained-artifact-row	Bash++ backend unsupported: optimizer diagnostics are a compiler artifact; the check interface has no inlining, escape-analysis or SSA meaning
testdir:escape_make_non_const.go	testdir	errorcheck	interpreted	excluded	compiler-diagnostic	test asserts gc optimizer output (-m/-d=); an interpreter has no optimizer to report on	recorded-limitation:retained-artifact-row	Bash++ backend unsupported: optimizer diagnostics are a compiler artifact; the check interface has no inlining, escape-analysis or SSA meaning
testdir:escape_map.go	testdir	errorcheck	interpreted	excluded	compiler-diagnostic	test asserts gc optimizer output (-m/-d=); an interpreter has no optimizer to report on	recorded-limitation:retained-artifact-row	Bash++ backend unsupported: optimizer diagnostics are a compiler artifact; the check interface has no inlining, escape-analysis or SSA meaning
testdir:escape_mutations.go	testdir	errorcheck	interpreted	excluded	compiler-diagnostic	test asserts gc optimizer output (-m/-d=); an interpreter has no optimizer to report on	recorded-limitation:retained-artifact-row	Bash++ backend unsupported: optimizer diagnostics are a compiler artifact; the check interface has no inlining, escape-analysis or SSA meaning
testdir:escape_param.go	testdir	errorcheck	interpreted	excluded	compiler-diagnostic	test asserts gc optimizer output (-m/-d=); an interpreter has no optimizer to report on	recorded-limitation:retained-artifact-row	Bash++ backend unsupported: optimizer diagnostics are a compiler artifact; the check interface has no inlining, escape-analysis or SSA meaning
testdir:escape_reflect.go	testdir	errorcheck	interpreted	excluded	compiler-diagnostic	test asserts gc optimizer output (-m/-d=); an interpreter has no optimizer to report on	recorded-limitation:retained-artifact-row	Bash++ backend unsupported: optimizer diagnostics are a compiler artifact; the check interface has no inlining, escape-analysis or SSA meaning
testdir:escape_runtime_atomic.go	testdir	errorcheck	interpreted	excluded	compiler-diagnostic	test asserts gc optimizer output (-m/-d=); an interpreter has no optimizer to report on	recorded-limitation:retained-artifact-row	Bash++ backend unsupported: optimizer diagnostics are a compiler artifact; the check interface has no inlining, escape-analysis or SSA meaning
testdir:escape_selfassign.go	testdir	errorcheck	interpreted	excluded	compiler-diagnostic	test asserts gc optimizer output (-m/-d=); an interpreter has no optimizer to report on	recorded-limitation:retained-artifact-row	Bash++ backend unsupported: optimizer diagnostics are a compiler artifact; the check interface has no inlining, escape-analysis or SSA meaning
testdir:escape_slice.go	testdir	errorcheck	interpreted	excluded	compiler-diagnostic	test asserts gc optimizer output (-m/-d=); an interpreter has no optimizer to report on	recorded-limitation:retained-artifact-row	Bash++ backend unsupported: optimizer diagnostics are a compiler artifact; the check interface has no inlining, escape-analysis or SSA meaning
testdir:escape_struct_param1.go	testdir	errorcheck	interpreted	excluded	compiler-diagnostic	test asserts gc optimizer output (-m/-d=); an interpreter has no optimizer to report on	recorded-limitation:retained-artifact-row	Bash++ backend unsupported: optimizer diagnostics are a compiler artifact; the check interface has no inlining, escape-analysis or SSA meaning
testdir:escape_struct_param2.go	testdir	errorcheck	interpreted	excluded	compiler-diagnostic	test asserts gc optimizer output (-m/-d=); an interpreter has no optimizer to report on	recorded-limitation:retained-artifact-row	Bash++ backend unsupported: optimizer diagnostics are a compiler artifact; the check interface has no inlining, escape-analysis or SSA meaning
testdir:escape_struct_return.go	testdir	errorcheck	interpreted	excluded	compiler-diagnostic	test asserts gc optimizer output (-m/-d=); an interpreter has no optimizer to report on	recorded-limitation:retained-artifact-row	Bash++ backend unsupported: optimizer diagnostics are a compiler artifact; the check interface has no inlining, escape-analysis or SSA meaning
testdir:escape_sync_atomic.go	testdir	errorcheck	interpreted	excluded	compiler-diagnostic	test asserts gc optimizer output (-m/-d=); an interpreter has no optimizer to report on	recorded-limitation:retained-artifact-row	Bash++ backend unsupported: optimizer diagnostics are a compiler artifact; the check interface has no inlining, escape-analysis or SSA meaning
testdir:escape_unique.go	testdir	errorcheck	interpreted	excluded	compiler-diagnostic	test asserts gc optimizer output (-m/-d=); an interpreter has no optimizer to report on	recorded-limitation:retained-artifact-row	Bash++ backend unsupported: optimizer diagnostics are a compiler artifact; the check interface has no inlining, escape-analysis or SSA meaning
testdir:escape_unsafe.go	testdir	errorcheck	interpreted	excluded	compiler-diagnostic	test asserts gc optimizer output (-m/-d=); an interpreter has no optimizer to report on	recorded-limitation:retained-artifact-row	Bash++ backend unsupported: optimizer diagnostics are a compiler artifact; the check interface has no inlining, escape-analysis or SSA meaning
testdir:finprofiled.go	testdir	run	interpreted	excluded	gc-observation	runtime.SetFinalizer+runtime.GC on interpreter-owned values: D7's ground (165 D9)	recorded-limitation:D9-finalizer-makefunc	finprofiled.go:33:28: gosource: original callback signature requires value-semantics parameters and supported results
testdir:fixedbugs/bug385_64.go	testdir	errorcheck	interpreted	excluded	gc-only-check	errorcheck expects a gc-only diagnostic go/types cannot express	recorded-limitation:D5-gc-only	compilation succeeded unexpectedly
testdir:fixedbugs/bug398.go	testdir	errorcheck	interpreted	excluded	gc-only-check	errorcheck expects a gc-only diagnostic go/types cannot express	recorded-limitation:D5-gc-only	compilation succeeded unexpectedly
testdir:fixedbugs/bug513.go	testdir	run	interpreted	excluded	unsafe-reinterpretation	unsafe.Pointer memory reinterpretation: the interpreter has no native memory model	recorded-limitation:D7-unsafe-pointer	fixedbugs/bug513.go:20:7: fixedbugs/bug513.go:20:57: BASHPP-EEXPR-FORM: unsupported scalar expression *syntax.BashPPAddressExpr
testdir:fixedbugs/bug514.go	testdir	run	interpreted	excluded	cgo	"import ""C"" / //go:build cgo: the pure-Go product declares cgo out of scope"	recorded-limitation:D4-cgo	"bash++ import ""runtime/cgo"": package requires cgo, which this pure-Go shell does not provide"
testdir:fixedbugs/issue11656.go	testdir	runindir	interpreted	excluded	unsafe-reinterpretation	unsafe.Pointer memory reinterpretation: the interpreter has no native memory model	recorded-limitation:D7-unsafe-pointer	BASHPP-ECOLLECTION-ELEMENT: /srv/sprint162/barrier-d/tmp/Testfixedbugsissue11656.go666978983/001/src/issue11656.dir/issue11656.go:70:31: BASHPP-EEXPR-FORM: unsu
testdir:fixedbugs/issue12006.go	testdir	errorcheck	interpreted	excluded	compiler-diagnostic	test asserts gc optimizer output (-m/-d=); an interpreter has no optimizer to report on	recorded-limitation:retained-artifact-row	Bash++ backend unsupported: optimizer diagnostics are a compiler artifact; the check interface has no inlining, escape-analysis or SSA meaning
testdir:fixedbugs/issue12588.go	testdir	errorcheck	interpreted	excluded	compiler-diagnostic	test asserts gc optimizer output (-m/-d=); an interpreter has no optimizer to report on	recorded-limitation:retained-artifact-row	Bash++ backend unsupported: optimizer diagnostics are a compiler artifact; the check interface has no inlining, escape-analysis or SSA meaning
testdir:fixedbugs/issue13587.go	testdir	errorcheck	interpreted	excluded	compiler-diagnostic	test asserts gc optimizer output (-m/-d=); an interpreter has no optimizer to report on	recorded-limitation:retained-artifact-row	Bash++ backend unsupported: optimizer diagnostics are a compiler artifact; the check interface has no inlining, escape-analysis or SSA meaning
testdir:fixedbugs/issue13799.go	testdir	errorcheck	interpreted	excluded	compiler-diagnostic	test asserts gc optimizer output (-m/-d=); an interpreter has no optimizer to report on	recorded-limitation:retained-artifact-row	Bash++ backend unsupported: optimizer diagnostics are a compiler artifact; the check interface has no inlining, escape-analysis or SSA meaning
testdir:fixedbugs/issue14999.go	testdir	errorcheck	interpreted	excluded	gc-only-check	errorcheck expects a gc-only diagnostic go/types cannot express	recorded-limitation:D5-gc-only	compilation succeeded unexpectedly
testdir:fixedbugs/issue15281.go	testdir	run	interpreted	excluded	gc-observation	GC/finalizer observation of interpreter-owned values: no native GC to observe	recorded-limitation:D7-unsafe-pointer	fixedbugs/issue15281.go:32:12: BASHPP-EEXPR-OPERAND: x is not a scalar
testdir:fixedbugs/issue15747.go	testdir	errorcheck	interpreted	excluded	compiler-diagnostic	test asserts gc optimizer output (-m/-d=); an interpreter has no optimizer to report on	recorded-limitation:retained-artifact-row	Bash++ backend unsupported: optimizer diagnostics are a compiler artifact; the check interface has no inlining, escape-analysis or SSA meaning
testdir:fixedbugs/issue16241.go	testdir	errorcheck	interpreted	excluded	compiler-diagnostic	test asserts gc optimizer output (-m/-d=); an interpreter has no optimizer to report on	recorded-limitation:retained-artifact-row	Bash++ backend unsupported: optimizer diagnostics are a compiler artifact; the check interface has no inlining, escape-analysis or SSA meaning
testdir:fixedbugs/issue16241_64.go	testdir	errorcheck	interpreted	excluded	compiler-diagnostic	test asserts gc optimizer output (-m/-d=); an interpreter has no optimizer to report on	recorded-limitation:retained-artifact-row	Bash++ backend unsupported: optimizer diagnostics are a compiler artifact; the check interface has no inlining, escape-analysis or SSA meaning
testdir:fixedbugs/issue16369.go	testdir	errorcheck	interpreted	excluded	gc-only-check	errorcheck expects a gc-only diagnostic go/types cannot express	recorded-limitation:D5-gc-only	compilation succeeded unexpectedly
testdir:fixedbugs/issue17318.go	testdir	errorcheck	interpreted	excluded	compiler-diagnostic	test asserts gc optimizer output (-m/-d=); an interpreter has no optimizer to report on	recorded-limitation:retained-artifact-row	Bash++ backend unsupported: optimizer diagnostics are a compiler artifact; the check interface has no inlining, escape-analysis or SSA meaning
testdir:fixedbugs/issue17381.go	testdir	run	interpreted	excluded	unsafe-reinterpretation	unsafe.Pointer memory reinterpretation: the interpreter has no native memory model	recorded-limitation:D7-unsafe-pointer	fixedbugs/issue17381.go:38:61: BASHPP-EEXPR-FORM: unsupported scalar expression *syntax.BashPPAddressExpr
testdir:fixedbugs/issue18459.go	testdir	errorcheck	interpreted	excluded	gc-only-check	errorcheck expects a gc-only diagnostic go/types cannot express	recorded-limitation:D5-gc-only	compilation succeeded unexpectedly
testdir:fixedbugs/issue18882.go	testdir	errorcheck	interpreted	excluded	gc-only-check	errorcheck expects a gc-only diagnostic go/types cannot express	recorded-limitation:D5-gc-only	compilation succeeded unexpectedly
testdir:fixedbugs/issue18895.go	testdir	errorcheckdir	interpreted	excluded	compiler-diagnostic	errorcheck row expects gc inlining/intrinsic diagnostics; an interpreter has none	recorded-limitation:retained-artifact-row	"p.go:7: missing error ""can inline"""
testdir:fixedbugs/issue19168.go	testdir	errorcheck	interpreted	excluded	compiler-diagnostic	test asserts gc optimizer output (-m/-d=); an interpreter has no optimizer to report on	recorded-limitation:retained-artifact-row	Bash++ backend unsupported: optimizer diagnostics are a compiler artifact; the check interface has no inlining, escape-analysis or SSA meaning
testdir:fixedbugs/issue19261.go	testdir	errorcheckdir	interpreted	excluded	compiler-diagnostic	errorcheck row expects gc inlining/intrinsic diagnostics; an interpreter has none	recorded-limitation:retained-artifact-row	"p.go:7: missing error ""can inline F"""
testdir:fixedbugs/issue19743.go	testdir	errorcheck	interpreted	excluded	compiler-diagnostic	test asserts gc optimizer output (-m/-d=); an interpreter has no optimizer to report on	recorded-limitation:retained-artifact-row	Bash++ backend unsupported: optimizer diagnostics are a compiler artifact; the check interface has no inlining, escape-analysis or SSA meaning
testdir:fixedbugs/issue20027.go	testdir	errorcheck	interpreted	excluded	gc-only-check	errorcheck expects a gc-only diagnostic go/types cannot express	recorded-limitation:D5-gc-only	compilation succeeded unexpectedly
testdir:fixedbugs/issue20250.go	testdir	errorcheck	interpreted	excluded	compiler-diagnostic	test asserts gc optimizer output (-m/-d=); an interpreter has no optimizer to report on	recorded-limitation:retained-artifact-row	Bash++ backend unsupported: optimizer diagnostics are a compiler artifact; the check interface has no inlining, escape-analysis or SSA meaning
testdir:fixedbugs/issue20529.go	testdir	errorcheck	interpreted	excluded	gc-only-check	errorcheck expects a gc-only diagnostic go/types cannot express	recorded-limitation:D5-gc-only	compilation succeeded unexpectedly
testdir:fixedbugs/issue20780.go	testdir	errorcheck	interpreted	excluded	gc-only-check	errorcheck expects a gc-only diagnostic go/types cannot express	recorded-limitation:D5-gc-only	compilation succeeded unexpectedly
testdir:fixedbugs/issue21709.go	testdir	errorcheck	interpreted	excluded	compiler-diagnostic	test asserts gc optimizer output (-m/-d=); an interpreter has no optimizer to report on	recorded-limitation:retained-artifact-row	Bash++ backend unsupported: optimizer diagnostics are a compiler artifact; the check interface has no inlining, escape-analysis or SSA meaning
testdir:fixedbugs/issue22200.go	testdir	errorcheck	interpreted	excluded	gc-only-check	errorcheck expects a gc-only diagnostic go/types cannot express	recorded-limitation:D5-gc-only	compilation succeeded unexpectedly
testdir:fixedbugs/issue22200b.go	testdir	errorcheck	interpreted	excluded	gc-only-check	errorcheck expects a gc-only diagnostic go/types cannot express	recorded-limitation:D5-gc-only	compilation succeeded unexpectedly
testdir:fixedbugs/issue23521.go	testdir	errorcheck	interpreted	excluded	compiler-diagnostic	test asserts gc optimizer output (-m/-d=); an interpreter has no optimizer to report on	recorded-limitation:retained-artifact-row	Bash++ backend unsupported: optimizer diagnostics are a compiler artifact; the check interface has no inlining, escape-analysis or SSA meaning
testdir:fixedbugs/issue24491a.go	testdir	run	interpreted	excluded	gc-observation	runtime.SetFinalizer+runtime.GC on interpreter-owned values: D7's ground (165 D9)	recorded-limitation:D9-finalizer-makefunc	fixedbugs/issue24491a.go:20:27: gosource: original callback signature requires value-semantics parameters and supported results
testdir:fixedbugs/issue24491b.go	testdir	run	interpreted	excluded	gc-observation	runtime.SetFinalizer+runtime.GC on interpreter-owned values: D7's ground (165 D9)	recorded-limitation:D9-finalizer-makefunc	fixedbugs/issue24491b.go:21:27: gosource: original callback signature requires value-semantics parameters and supported results
testdir:fixedbugs/issue24651a.go	testdir	errorcheck	interpreted	excluded	compiler-diagnostic	test asserts gc optimizer output (-m/-d=); an interpreter has no optimizer to report on	recorded-limitation:retained-artifact-row	Bash++ backend unsupported: optimizer diagnostics are a compiler artifact; the check interface has no inlining, escape-analysis or SSA meaning
testdir:fixedbugs/issue24651b.go	testdir	errorcheck	interpreted	excluded	compiler-diagnostic	test asserts gc optimizer output (-m/-d=); an interpreter has no optimizer to report on	recorded-limitation:retained-artifact-row	Bash++ backend unsupported: optimizer diagnostics are a compiler artifact; the check interface has no inlining, escape-analysis or SSA meaning
testdir:fixedbugs/issue25507.go	testdir	errorcheck	interpreted	excluded	gc-only-check	errorcheck expects a gc-only diagnostic go/types cannot express	recorded-limitation:D5-gc-only	compilation succeeded unexpectedly
testdir:fixedbugs/issue27518b.go	testdir	run	interpreted	excluded	gc-observation	runtime.SetFinalizer+runtime.GC on interpreter-owned values: D7's ground (165 D9)	recorded-limitation:D9-finalizer-makefunc	fixedbugs/issue27518b.go:48:28: gosource: original callback signature requires value-semantics parameters and supported results
testdir:fixedbugs/issue27557.go	testdir	errorcheck	interpreted	excluded	compiler-diagnostic	test asserts gc optimizer output (-m/-d=); an interpreter has no optimizer to report on	recorded-limitation:retained-artifact-row	Bash++ backend unsupported: optimizer diagnostics are a compiler artifact; the check interface has no inlining, escape-analysis or SSA meaning
testdir:fixedbugs/issue27695b.go	testdir	run	interpreted	excluded	unsafe-reinterpretation	unsafe.Pointer memory reinterpretation: the interpreter has no native memory model	recorded-limitation:D7-unsafe-pointer	fixedbugs/issue27695b.go:28:11: fixedbugs/issue27695b.go:28:34: BASHPP-EEXPR-FORM: unsupported scalar expression *syntax.BashPPAddressExpr
testdir:fixedbugs/issue27695c.go	testdir	run	interpreted	excluded	unsafe-reinterpretation	unsafe.Pointer memory reinterpretation: the interpreter has no native memory model	recorded-limitation:D7-unsafe-pointer	fixedbugs/issue27695c.go:29:11: fixedbugs/issue27695c.go:29:34: BASHPP-EEXPR-FORM: unsupported scalar expression *syntax.BashPPAddressExpr
testdir:fixedbugs/issue27732a.go	testdir	errorcheck	interpreted	excluded	compiler-diagnostic	test asserts gc optimizer output (-m/-d=); an interpreter has no optimizer to report on	recorded-limitation:retained-artifact-row	Bash++ backend unsupported: optimizer diagnostics are a compiler artifact; the check interface has no inlining, escape-analysis or SSA meaning
testdir:fixedbugs/issue29362.go	testdir	run	interpreted	excluded	unsafe-reinterpretation	unsafe.Pointer memory reinterpretation: the interpreter has no native memory model	recorded-limitation:D7-unsafe-pointer	fixedbugs/issue29362.go:25:11: fixedbugs/issue29362.go:25:34: BASHPP-EEXPR-FORM: unsupported scalar expression *syntax.BashPPAddressExpr
testdir:fixedbugs/issue29362b.go	testdir	run	interpreted	excluded	unsafe-reinterpretation	unsafe.Pointer memory reinterpretation: the interpreter has no native memory model	recorded-limitation:D7-unsafe-pointer	fixedbugs/issue29362b.go:25:11: fixedbugs/issue29362b.go:25:34: BASHPP-EEXPR-FORM: unsupported scalar expression *syntax.BashPPAddressExpr
testdir:fixedbugs/issue30041.go	testdir	run	interpreted	excluded	unsafe-reinterpretation	unsafe.Pointer memory reinterpretation: the interpreter has no native memory model	recorded-limitation:D7-unsafe-pointer	fixedbugs/issue30041.go:27:11: fixedbugs/issue30041.go:27:34: BASHPP-EEXPR-FORM: unsupported scalar expression *syntax.BashPPAddressExpr
testdir:fixedbugs/issue30898.go	testdir	errorcheck	interpreted	excluded	compiler-diagnostic	test asserts gc optimizer output (-m/-d=); an interpreter has no optimizer to report on	recorded-limitation:retained-artifact-row	Bash++ backend unsupported: optimizer diagnostics are a compiler artifact; the check interface has no inlining, escape-analysis or SSA meaning
testdir:fixedbugs/issue31573.go	testdir	errorcheck	interpreted	excluded	compiler-diagnostic	test asserts gc optimizer output (-m/-d=); an interpreter has no optimizer to report on	recorded-limitation:retained-artifact-row	Bash++ backend unsupported: optimizer diagnostics are a compiler artifact; the check interface has no inlining, escape-analysis or SSA meaning
testdir:fixedbugs/issue32477.go	testdir	run	interpreted	excluded	gc-observation	runtime.SetFinalizer+runtime.GC on interpreter-owned values: D7's ground (165 D9)	recorded-limitation:D9-finalizer-makefunc	fixedbugs/issue32477.go:47:26: gosource: original callback signature requires value-semantics parameters and supported results
testdir:fixedbugs/issue34723.go	testdir	errorcheck	interpreted	excluded	compiler-diagnostic	test asserts gc optimizer output (-m/-d=); an interpreter has no optimizer to report on	recorded-limitation:retained-artifact-row	Bash++ backend unsupported: optimizer diagnostics are a compiler artifact; the check interface has no inlining, escape-analysis or SSA meaning
testdir:fixedbugs/issue35027.go	testdir	run	interpreted	excluded	unsafe-reinterpretation	unsafe.Pointer memory reinterpretation: the interpreter has no native memory model	recorded-limitation:D7-unsafe-pointer	fixedbugs/issue35027.go:18:45: BASHPP-EEXPR-FORM: unsupported scalar expression *syntax.BashPPAddressExpr
testdir:fixedbugs/issue35073b.go	testdir	errorcheck	interpreted	excluded	compiler-diagnostic	test asserts gc optimizer output (-m/-d=); an interpreter has no optimizer to report on	recorded-limitation:retained-artifact-row	Bash++ backend unsupported: optimizer diagnostics are a compiler artifact; the check interface has no inlining, escape-analysis or SSA meaning
testdir:fixedbugs/issue35518.go	testdir	errorcheck	interpreted	excluded	compiler-diagnostic	test asserts gc optimizer output (-m/-d=); an interpreter has no optimizer to report on	recorded-limitation:retained-artifact-row	Bash++ backend unsupported: optimizer diagnostics are a compiler artifact; the check interface has no inlining, escape-analysis or SSA meaning
testdir:fixedbugs/issue36516.go	testdir	run	interpreted	excluded	gc-observation	testing.AllocsPerRun retained callback (165 D9)	recorded-limitation:D9-finalizer-makefunc	gosource: asynchronous or retained original function callbacks are unsupported for testing.AllocsPerRun
testdir:fixedbugs/issue36705.go	testdir	run	interpreted	excluded	cgo	"import \"C\" / //go:build cgo: the pure-Go product declares cgo out of scope"	recorded-limitation:D4-cgo	fixedbugs/issue36705.go:13:8: could not import C (go list failed using go SDK go1.27.1 at /srv/sprint162/barrier-d/evidence/goroot/bin/go (GOROOT=/srv/sprint162
testdir:fixedbugs/issue37513.go	testdir	buildrundir	interpreted	excluded	assembly-companion	execute-phase .s companion: assembly must run natively	recorded-limitation:2026-09-24-g5	Bash++ backend unsupported generate phase: compile input "<run>" is not a Go source file
testdir:fixedbugs/issue37837.go	testdir	errorcheckandrundir	interpreted	excluded	compiler-diagnostic	errorcheck row expects gc inlining/intrinsic diagnostics; an interpreter has none	recorded-limitation:retained-artifact-row	"a.go:7: missing error ""can inline F"""
testdir:fixedbugs/issue39292.go	testdir	errorcheck	interpreted	excluded	compiler-diagnostic	test asserts gc optimizer output (-m/-d=); an interpreter has no optimizer to report on	recorded-limitation:retained-artifact-row	Bash++ backend unsupported: optimizer diagnostics are a compiler artifact; the check interface has no inlining, escape-analysis or SSA meaning
testdir:fixedbugs/issue40917.go	testdir	run	interpreted	excluded	unsafe-reinterpretation	unsafe.Pointer memory reinterpretation: the interpreter has no native memory model	recorded-limitation:D7-unsafe-pointer	fixedbugs/issue40917.go:13:22: BASHPP-EEXPR-FORM: unsupported scalar expression *syntax.BashPPAddressExpr
testdir:fixedbugs/issue40954.go	testdir	run	interpreted	excluded	cgo	"import ""C"" / //go:build cgo: the pure-Go product declares cgo out of scope"	recorded-limitation:D4-cgo	"bash++ import ""runtime/cgo"": package requires cgo, which this pure-Go shell does not provide"
testdir:fixedbugs/issue4099.go	testdir	errorcheck	interpreted	excluded	compiler-diagnostic	test asserts gc optimizer output (-m/-d=); an interpreter has no optimizer to report on	recorded-limitation:retained-artifact-row	Bash++ backend unsupported: optimizer diagnostics are a compiler artifact; the check interface has no inlining, escape-analysis or SSA meaning
testdir:fixedbugs/issue41635.go	testdir	errorcheck	interpreted	excluded	compiler-diagnostic	test asserts gc optimizer output (-m/-d=); an interpreter has no optimizer to report on	recorded-limitation:retained-artifact-row	Bash++ backend unsupported: optimizer diagnostics are a compiler artifact; the check interface has no inlining, escape-analysis or SSA meaning
testdir:fixedbugs/issue42032.go	testdir	run	interpreted	excluded	cgo	"import ""C"" / //go:build cgo: the pure-Go product declares cgo out of scope"	recorded-limitation:D4-cgo	"bash++ import ""runtime/cgo"": package requires cgo, which this pure-Go shell does not provide"
testdir:fixedbugs/issue42058a.go	testdir	errorcheck	interpreted	excluded	gc-only-check	errorcheck expects a gc-only diagnostic go/types cannot express	recorded-limitation:D5-gc-only	compilation succeeded unexpectedly
testdir:fixedbugs/issue42058b.go	testdir	errorcheck	interpreted	excluded	gc-only-check	errorcheck expects a gc-only diagnostic go/types cannot express	recorded-limitation:D5-gc-only	compilation succeeded unexpectedly
testdir:fixedbugs/issue42076.go	testdir	run	interpreted	excluded	cgo	"import ""C"" / //go:build cgo: the pure-Go product declares cgo out of scope"	recorded-limitation:D4-cgo	"bash++ import ""runtime/cgo"": package requires cgo, which this pure-Go shell does not provide"
testdir:fixedbugs/issue42284.go	testdir	errorcheckdir	interpreted	excluded	compiler-diagnostic	errorcheck row expects gc inlining/intrinsic diagnostics; an interpreter has none	recorded-limitation:retained-artifact-row	"a.go:10: missing error ""can inline T.M"""
testdir:fixedbugs/issue42944.go	testdir	errorcheck	interpreted	excluded	compiler-diagnostic	test asserts gc optimizer output (-m/-d=); an interpreter has no optimizer to report on	recorded-limitation:retained-artifact-row	Bash++ backend unsupported: optimizer diagnostics are a compiler artifact; the check interface has no inlining, escape-analysis or SSA meaning
testdir:fixedbugs/issue45045.go	testdir	run	interpreted	excluded	gc-observation	runtime.SetFinalizer+runtime.GC on interpreter-owned values: D7's ground (165 D9)	recorded-limitation:D9-finalizer-makefunc	fixedbugs/issue45045.go:17:30: gosource: original callback signature requires value-semantics parameters and supported results
testdir:fixedbugs/issue4585.go	testdir	run	interpreted	excluded	unsafe-reinterpretation	unsafe.Pointer memory reinterpretation: the interpreter has no native memory model	recorded-limitation:D7-unsafe-pointer	fixedbugs/issue4585.go:52:34: BASHPP-EEXPR-FORM: unsupported scalar expression *syntax.BashPPAddressExpr
testdir:fixedbugs/issue4618.go	testdir	run	interpreted	excluded	gc-observation	testing.AllocsPerRun retained callback (165 D9)	recorded-limitation:D9-finalizer-makefunc	gosource: asynchronous or retained original function callbacks are unsupported for testing.AllocsPerRun
testdir:fixedbugs/issue4667.go	testdir	run	interpreted	excluded	gc-observation	testing.AllocsPerRun retained callback (165 D9)	recorded-limitation:D9-finalizer-makefunc	gosource: asynchronous or retained original function callbacks are unsupported for testing.AllocsPerRun
testdir:fixedbugs/issue46903.go	testdir	run	interpreted	excluded	cgo	"import ""C"" / //go:build cgo: the pure-Go product declares cgo out of scope"	recorded-limitation:D4-cgo	"bash++ import ""runtime/cgo"": package requires cgo, which this pure-Go shell does not provide"
testdir:fixedbugs/issue46938.go	testdir	run	interpreted	excluded	unsafe-reinterpretation	unsafe.Pointer memory reinterpretation: the interpreter has no native memory model	recorded-limitation:D7-unsafe-pointer	fixedbugs/issue46938.go:25:22: BASHPP-EEXPR-FORM: unsupported scalar expression *syntax.BashPPAddressExpr
testdir:fixedbugs/issue47227.go	testdir	run	interpreted	excluded	cgo	"import \"C\" / //go:build cgo: the pure-Go product declares cgo out of scope"	recorded-limitation:D4-cgo	fixedbugs/issue47227.go:12:8: could not import C (go list failed using go SDK go1.27.1 at /srv/sprint162/barrier-d/evidence/goroot/bin/go (GOROOT=/srv/sprint162
testdir:fixedbugs/issue48097.go	testdir	errorcheck	interpreted	excluded	gc-only-check	errorcheck expects a gc-only diagnostic go/types cannot express	recorded-limitation:D5-gc-only	compilation succeeded unexpectedly
testdir:fixedbugs/issue49767.go	testdir	errorcheck	interpreted	excluded	gc-only-check	errorcheck expects a gc-only diagnostic go/types cannot express	recorded-limitation:D5-gc-only	compilation succeeded unexpectedly
testdir:fixedbugs/issue49814.go	testdir	errorcheck	interpreted	excluded	gc-only-check	errorcheck expects a gc-only diagnostic go/types cannot express	recorded-limitation:D5-gc-only	compilation succeeded unexpectedly
testdir:fixedbugs/issue51733.go	testdir	run	interpreted	excluded	cgo	"import ""C"" / //go:build cgo: the pure-Go product declares cgo out of scope"	recorded-limitation:D4-cgo	"bash++ import ""runtime/cgo"": package requires cgo, which this pure-Go shell does not provide"
testdir:fixedbugs/issue52193.go	testdir	errorcheck	interpreted	excluded	compiler-diagnostic	test asserts gc optimizer output (-m/-d=); an interpreter has no optimizer to report on	recorded-limitation:retained-artifact-row	Bash++ backend unsupported: optimizer diagnostics are a compiler artifact; the check interface has no inlining, escape-analysis or SSA meaning
testdir:fixedbugs/issue52612.go	testdir	run	interpreted	excluded	unsafe-reinterpretation	unsafe.Pointer memory reinterpretation: the interpreter has no native memory model	recorded-limitation:D7-unsafe-pointer	fixedbugs/issue52612.go:30:32: BASHPP-EEXPR-FORM: unsupported scalar expression *syntax.BashPPAddressExpr
testdir:fixedbugs/issue52697.go	testdir	errorcheck	interpreted	excluded	gc-only-check	errorcheck expects a gc-only diagnostic go/types cannot express	recorded-limitation:D5-gc-only	compilation succeeded unexpectedly
testdir:fixedbugs/issue54159.go	testdir	errorcheck	interpreted	excluded	compiler-diagnostic	test asserts gc optimizer output (-m/-d=); an interpreter has no optimizer to report on	recorded-limitation:retained-artifact-row	Bash++ backend unsupported: optimizer diagnostics are a compiler artifact; the check interface has no inlining, escape-analysis or SSA meaning
testdir:fixedbugs/issue54343.go	testdir	run	interpreted	excluded	gc-observation	GC/finalizer observation of interpreter-owned values: no native GC to observe	recorded-limitation:D7-unsafe-pointer	fixedbugs/issue54343.go:25:26: gosource: original callback signature requires value-semantics parameters and supported results
testdir:fixedbugs/issue56103.go	testdir	errorcheck	interpreted	excluded	gc-only-check	errorcheck expects a gc-only diagnostic go/types cannot express	recorded-limitation:D5-gc-only	compilation succeeded unexpectedly
testdir:fixedbugs/issue56280.go	testdir	errorcheckdir	interpreted	excluded	compiler-diagnostic	errorcheck row expects gc inlining/intrinsic diagnostics; an interpreter has none	recorded-limitation:retained-artifact-row	"a.go:7: missing error ""can inline F"""
testdir:fixedbugs/issue57823.go	testdir	run	interpreted	excluded	unsafe-reinterpretation	unsafe.SliceData / raw memory layout: no native memory model	recorded-limitation:unsafe-slice-data	unknown imported symbol or method: unsafe.SliceData
testdir:fixedbugs/issue59293.go	testdir	run	interpreted	excluded	unsafe-reinterpretation	unsafe.SliceData / raw memory layout: no native memory model	recorded-limitation:unsafe-slice-data	fixedbugs/issue59293.go:13:9: unknown imported symbol or method: unsafe.SliceData
testdir:fixedbugs/issue63333.go	testdir	errorcheck	interpreted	excluded	gc-only-check	errorcheck expects a gc-only diagnostic go/types cannot express	recorded-limitation:D5-gc-only	compilation succeeded unexpectedly
testdir:fixedbugs/issue67329.go	testdir	errorcheck	interpreted	excluded	compiler-diagnostic	test asserts gc optimizer output (-m/-d=); an interpreter has no optimizer to report on	recorded-limitation:retained-artifact-row	Bash++ backend unsupported: optimizer diagnostics are a compiler artifact; the check interface has no inlining, escape-analysis or SSA meaning
testdir:fixedbugs/issue74626.go	testdir	errorcheck	interpreted	excluded	gc-only-check	errorcheck expects a gc-only diagnostic go/types cannot express	recorded-limitation:D5-gc-only	compilation succeeded unexpectedly
testdir:fixedbugs/issue75278.go	testdir	errorcheck	interpreted	excluded	compiler-diagnostic	test asserts gc optimizer output (-m/-d=); an interpreter has no optimizer to report on	recorded-limitation:retained-artifact-row	Bash++ backend unsupported: optimizer diagnostics are a compiler artifact; the check interface has no inlining, escape-analysis or SSA meaning
testdir:fixedbugs/issue75365.go	testdir	run	interpreted	excluded	unsafe-reinterpretation	unsafe.Pointer memory reinterpretation: the interpreter has no native memory model	recorded-limitation:D7-unsafe-pointer	fixedbugs/issue75365.go:28:36: BASHPP-EEXPR-FORM: unsupported scalar expression *syntax.BashPPAddressExpr
testdir:fixedbugs/issue78355.go	testdir	errorcheck	interpreted	excluded	gc-only-check	errorcheck expects a gc-only diagnostic go/types cannot express	recorded-limitation:D5-gc-only	compilation succeeded unexpectedly
testdir:fixedbugs/issue7921.go	testdir	errorcheck	interpreted	excluded	compiler-diagnostic	test asserts gc optimizer output (-m/-d=); an interpreter has no optimizer to report on	recorded-limitation:retained-artifact-row	Bash++ backend unsupported: optimizer diagnostics are a compiler artifact; the check interface has no inlining, escape-analysis or SSA meaning
testdir:fixedbugs/issue79258.go	testdir	errorcheck	interpreted	excluded	gc-only-check	errorcheck expects a gc-only diagnostic go/types cannot express	recorded-limitation:D5-gc-only	compilation succeeded unexpectedly
testdir:fixedbugs/issue80004.go	testdir	run	interpreted	excluded	unsafe-reinterpretation	unsafe.Pointer memory reinterpretation: the interpreter has no native memory model	recorded-limitation:D7-unsafe-pointer	fixedbugs/issue80004.go:51:11: fixedbugs/issue80004.go:51:34: BASHPP-EEXPR-FORM: unsupported scalar expression *syntax.BashPPAddressExpr
testdir:fixedbugs/notinheap.go	testdir	errorcheck	interpreted	excluded	gc-only-check	errorcheck expects a gc-only diagnostic go/types cannot express	recorded-limitation:D5-gc-only	compilation succeeded unexpectedly
testdir:fixedbugs/notinheap2.go	testdir	errorcheck	interpreted	excluded	gc-only-check	errorcheck expects a gc-only diagnostic go/types cannot express	recorded-limitation:D5-gc-only	compilation succeeded unexpectedly
testdir:fixedbugs/notinheap3.go	testdir	errorcheck	interpreted	excluded	compiler-diagnostic	test asserts gc optimizer output (-m/-d=); an interpreter has no optimizer to report on	recorded-limitation:retained-artifact-row	Bash++ backend unsupported: optimizer diagnostics are a compiler artifact; the check interface has no inlining, escape-analysis or SSA meaning
testdir:fuse.go	testdir	errorcheck	interpreted	excluded	compiler-diagnostic	test asserts gc optimizer output (-m/-d=); an interpreter has no optimizer to report on	recorded-limitation:retained-artifact-row	Bash++ backend unsupported: optimizer diagnostics are a compiler artifact; the check interface has no inlining, escape-analysis or SSA meaning
testdir:gc2.go	testdir	run	interpreted	excluded	gc-observation	runtime.GC and MemStats observe collection of interpreter-owned values	recorded-limitation:D9-gc-observation	too many objects left: 22664
testdir:init1.go	testdir	run	interpreted	excluded	gc-observation	runtime.GC and MemStats observe collection of interpreter-owned values	recorded-limitation:D9-gc-observation	allocated 1000 chunks of 1048576 and used  0 memory
testdir:inline.go	testdir	errorcheckwithauto	interpreted	excluded	compiler-diagnostic	test asserts gc optimizer output (-m/-d=); an interpreter has no optimizer to report on	recorded-limitation:retained-artifact-row	Bash++ backend unsupported: optimizer diagnostics are a compiler artifact; the check interface has no inlining, escape-analysis or SSA meaning
testdir:inline_big.go	testdir	errorcheck	interpreted	excluded	compiler-diagnostic	test asserts gc optimizer output (-m/-d=); an interpreter has no optimizer to report on	recorded-limitation:retained-artifact-row	Bash++ backend unsupported: optimizer diagnostics are a compiler artifact; the check interface has no inlining, escape-analysis or SSA meaning
testdir:inline_endian.go	testdir	errorcheckwithauto	interpreted	excluded	compiler-diagnostic	test asserts gc optimizer output (-m/-d=); an interpreter has no optimizer to report on	recorded-limitation:retained-artifact-row	Bash++ backend unsupported: optimizer diagnostics are a compiler artifact; the check interface has no inlining, escape-analysis or SSA meaning
testdir:inline_math_bits_rotate.go	testdir	errorcheck	interpreted	excluded	compiler-diagnostic	test asserts gc optimizer output (-m/-d=); an interpreter has no optimizer to report on	recorded-limitation:retained-artifact-row	Bash++ backend unsupported: optimizer diagnostics are a compiler artifact; the check interface has no inlining, escape-analysis or SSA meaning
testdir:inline_sync.go	testdir	errorcheck	interpreted	excluded	compiler-diagnostic	test asserts gc optimizer output (-m/-d=); an interpreter has no optimizer to report on	recorded-limitation:retained-artifact-row	Bash++ backend unsupported: optimizer diagnostics are a compiler artifact; the check interface has no inlining, escape-analysis or SSA meaning
testdir:inline_variadic.go	testdir	errorcheck	interpreted	excluded	compiler-diagnostic	test asserts gc optimizer output (-m/-d=); an interpreter has no optimizer to report on	recorded-limitation:retained-artifact-row	Bash++ backend unsupported: optimizer diagnostics are a compiler artifact; the check interface has no inlining, escape-analysis or SSA meaning
testdir:interface/assertinline.go	testdir	errorcheck	interpreted	excluded	compiler-diagnostic	test asserts gc optimizer output (-m/-d=); an interpreter has no optimizer to report on	recorded-limitation:retained-artifact-row	Bash++ backend unsupported: optimizer diagnostics are a compiler artifact; the check interface has no inlining, escape-analysis or SSA meaning
testdir:internal/runtime/sys/inlinegcpc.go	testdir	errorcheck	interpreted	excluded	compiler-diagnostic	test asserts gc optimizer output (-m/-d=); an interpreter has no optimizer to report on	recorded-limitation:retained-artifact-row	Bash++ backend unsupported: optimizer diagnostics are a compiler artifact; the check interface has no inlining, escape-analysis or SSA meaning
testdir:intrinsic.go	testdir	errorcheckandrundir	interpreted	excluded	compiler-diagnostic	errorcheck row expects gc inlining/intrinsic diagnostics; an interpreter has none	recorded-limitation:retained-artifact-row	"main.go:26: missing error ""intrinsic substitution for TrailingZeros64"""
testdir:intrinsic_atomic.go	testdir	errorcheck	interpreted	excluded	compiler-diagnostic	test asserts gc optimizer output (-m/-d=); an interpreter has no optimizer to report on	recorded-limitation:retained-artifact-row	Bash++ backend unsupported: optimizer diagnostics are a compiler artifact; the check interface has no inlining, escape-analysis or SSA meaning
testdir:ken/cplx3.go	testdir	run	interpreted	excluded	unsafe-reinterpretation	unsafe.Pointer memory reinterpretation: the interpreter has no native memory model	recorded-limitation:D7-unsafe-pointer	ken/cplx3.go:42:37: BASHPP-EEXPR-FORM: unsupported scalar expression *syntax.BashPPAddressExpr
testdir:known_bits.go	testdir	errorcheck	interpreted	excluded	compiler-diagnostic	test asserts gc optimizer output (-m/-d=); an interpreter has no optimizer to report on	recorded-limitation:retained-artifact-row	Bash++ backend unsupported: optimizer diagnostics are a compiler artifact; the check interface has no inlining, escape-analysis or SSA meaning
testdir:linkname.go	testdir	errorcheckandrundir	interpreted	excluded	compiler-diagnostic	errorcheck row expects gc inlining/intrinsic diagnostics; an interpreter has none	recorded-limitation:retained-artifact-row	"linkname1.go:3: missing error ""xs does not escape"""
testdir:linkname3.go	testdir	errorcheck	interpreted	excluded	gc-only-check	errorcheck expects a gc-only diagnostic go/types cannot express	recorded-limitation:D5-gc-only	compilation succeeded unexpectedly
testdir:linknameasm.go	testdir	buildrundir	interpreted	excluded	assembly-companion	execute-phase .s companion: assembly must run natively	recorded-limitation:2026-09-24-g5	Bash++ backend unsupported generate phase: compile input "<run>" is not a Go source file
testdir:live2.go	testdir	errorcheck	interpreted	excluded	compiler-diagnostic	test asserts gc optimizer output (-m/-d=); an interpreter has no optimizer to report on	recorded-limitation:retained-artifact-row	Bash++ backend unsupported: optimizer diagnostics are a compiler artifact; the check interface has no inlining, escape-analysis or SSA meaning
testdir:live_regabi.go	testdir	errorcheckwithauto	interpreted	excluded	compiler-diagnostic	test asserts gc optimizer output (-m/-d=); an interpreter has no optimizer to report on	recorded-limitation:2026-09-24-g5	Bash++ backend unsupported: optimizer diagnostics are a compiler artifact; the check interface has no inlining, escape-analysis or SSA meaning
testdir:live_uintptrkeepalive.go	testdir	errorcheck	interpreted	excluded	compiler-diagnostic	test asserts gc optimizer output (-m/-d=); an interpreter has no optimizer to report on	recorded-limitation:retained-artifact-row	Bash++ backend unsupported: optimizer diagnostics are a compiler artifact; the check interface has no inlining, escape-analysis or SSA meaning
testdir:loopbce.go	testdir	errorcheck	interpreted	excluded	compiler-diagnostic	test asserts gc optimizer output (-m/-d=); an interpreter has no optimizer to report on	recorded-limitation:retained-artifact-row	Bash++ backend unsupported: optimizer diagnostics are a compiler artifact; the check interface has no inlining, escape-analysis or SSA meaning
testdir:nilcheck.go	testdir	errorcheck	interpreted	excluded	compiler-diagnostic	test asserts gc optimizer output (-m/-d=); an interpreter has no optimizer to report on	recorded-limitation:retained-artifact-row	Bash++ backend unsupported: optimizer diagnostics are a compiler artifact; the check interface has no inlining, escape-analysis or SSA meaning
testdir:nilptr3.go	testdir	errorcheck	interpreted	excluded	compiler-diagnostic	test asserts gc optimizer output (-m/-d=); an interpreter has no optimizer to report on	recorded-limitation:2026-09-24-g5	Bash++ backend unsupported: optimizer diagnostics are a compiler artifact; the check interface has no inlining, escape-analysis or SSA meaning
testdir:nilptr5.go	testdir	errorcheck	interpreted	excluded	compiler-diagnostic	test asserts gc optimizer output (-m/-d=); an interpreter has no optimizer to report on	recorded-limitation:retained-artifact-row	Bash++ backend unsupported: optimizer diagnostics are a compiler artifact; the check interface has no inlining, escape-analysis or SSA meaning
testdir:nowritebarrier.go	testdir	errorcheck	interpreted	excluded	gc-only-check	errorcheck expects a gc-only diagnostic go/types cannot express	recorded-limitation:D5-gc-only	compilation succeeded unexpectedly
testdir:opt_branchlikely.go	testdir	errorcheck	interpreted	excluded	compiler-diagnostic	test asserts gc optimizer output (-m/-d=); an interpreter has no optimizer to report on	recorded-limitation:retained-artifact-row	Bash++ backend unsupported: optimizer diagnostics are a compiler artifact; the check interface has no inlining, escape-analysis or SSA meaning
testdir:phiopt.go	testdir	errorcheck	interpreted	excluded	compiler-diagnostic	test asserts gc optimizer output (-m/-d=); an interpreter has no optimizer to report on	recorded-limitation:retained-artifact-row	Bash++ backend unsupported: optimizer diagnostics are a compiler artifact; the check interface has no inlining, escape-analysis or SSA meaning
testdir:prove.go	testdir	errorcheck	interpreted	excluded	compiler-diagnostic	test asserts gc optimizer output (-m/-d=); an interpreter has no optimizer to report on	recorded-limitation:2026-09-24-g5	Bash++ backend unsupported: optimizer diagnostics are a compiler artifact; the check interface has no inlining, escape-analysis or SSA meaning
testdir:prove_constant_folding.go	testdir	errorcheck	interpreted	excluded	compiler-diagnostic	test asserts gc optimizer output (-m/-d=); an interpreter has no optimizer to report on	recorded-limitation:retained-artifact-row	Bash++ backend unsupported: optimizer diagnostics are a compiler artifact; the check interface has no inlining, escape-analysis or SSA meaning
testdir:prove_invert_loop_with_unused_iterators.go	testdir	errorcheck	interpreted	excluded	compiler-diagnostic	test asserts gc optimizer output (-m/-d=); an interpreter has no optimizer to report on	recorded-limitation:retained-artifact-row	Bash++ backend unsupported: optimizer diagnostics are a compiler artifact; the check interface has no inlining, escape-analysis or SSA meaning
testdir:retjmp.go	testdir	buildrundir	interpreted	excluded	assembly-companion	execute-phase .s companion: assembly must run natively	recorded-limitation:2026-09-24-g5	Bash++ backend unsupported generate phase: compile input "<run>" is not a Go source file
testdir:slicecap.go	testdir	run	interpreted	excluded	unsafe-reinterpretation	unsafe.Pointer memory reinterpretation: the interpreter has no native memory model	recorded-limitation:D7-unsafe-pointer	slicecap.go:29:35: BASHPP-EEXPR-FORM: unsupported scalar expression *syntax.BashPPAddressExpr
testdir:sliceopt.go	testdir	errorcheck	interpreted	excluded	compiler-diagnostic	test asserts gc optimizer output (-m/-d=); an interpreter has no optimizer to report on	recorded-limitation:retained-artifact-row	Bash++ backend unsupported: optimizer diagnostics are a compiler artifact; the check interface has no inlining, escape-analysis or SSA meaning
testdir:stackobj.go	testdir	run	interpreted	excluded	gc-observation	runtime.SetFinalizer+runtime.GC on interpreter-owned values: D7's ground (165 D9)	recorded-limitation:D9-finalizer-makefunc	stackobj.go:45:28: gosource: original callback signature requires value-semantics parameters and supported results
testdir:stackobj3.go	testdir	run	interpreted	excluded	gc-observation	runtime.SetFinalizer+runtime.GC on interpreter-owned values: D7's ground (165 D9)	recorded-limitation:D9-finalizer-makefunc	stackobj3.go:65:28: gosource: original callback signature requires value-semantics parameters and supported results
testdir:tailcall.go	testdir	errorcheck	interpreted	excluded	compiler-diagnostic	test asserts gc optimizer output (-m/-d=); an interpreter has no optimizer to report on	recorded-limitation:retained-artifact-row	Bash++ backend unsupported: optimizer diagnostics are a compiler artifact; the check interface has no inlining, escape-analysis or SSA meaning
testdir:typeparam/chans.go	testdir	run	interpreted	excluded	gc-observation	runtime.SetFinalizer+runtime.GC on interpreter-owned values: D7's ground (165 D9)	recorded-limitation:D9-finalizer-makefunc	typeparam/chans.go:190:26: gosource: original callback signature requires value-semantics parameters and supported results
testdir:typeparam/chansimp.go	testdir	rundir	interpreted	excluded	gc-observation	runtime.SetFinalizer+runtime.GC on interpreter-owned values: D7's ground (165 D9)	recorded-limitation:D9-finalizer-makefunc	test/typeparam/chansimp.dir/a.go:183:26: gosource: original callback signature requires value-semantics parameters and supported results
testdir:typeparam/issue54497.go	testdir	errorcheck	interpreted	excluded	compiler-diagnostic	test asserts gc optimizer output (-m/-d=); an interpreter has no optimizer to report on	recorded-limitation:retained-artifact-row	Bash++ backend unsupported: optimizer diagnostics are a compiler artifact; the check interface has no inlining, escape-analysis or SSA meaning
testdir:typeparam/issue54765.go	testdir	errorcheck	interpreted	excluded	gc-only-check	errorcheck expects a gc-only diagnostic go/types cannot express	recorded-limitation:D5-gc-only	compilation succeeded unexpectedly
testdir:typeparam/pragma.go	testdir	errorcheck	interpreted	excluded	compiler-diagnostic	test asserts gc optimizer output (-m/-d=); an interpreter has no optimizer to report on	recorded-limitation:retained-artifact-row	Bash++ backend unsupported: optimizer diagnostics are a compiler artifact; the check interface has no inlining, escape-analysis or SSA meaning
testdir:uintptrescapes.go	testdir	rundir	interpreted	excluded	unsafe-reinterpretation	unsafe.Pointer memory reinterpretation: the interpreter has no native memory model	recorded-limitation:D7-unsafe-pointer	command exceeded time limit
testdir:uintptrescapes2.go	testdir	errorcheck	interpreted	excluded	compiler-diagnostic	test asserts gc optimizer output (-m/-d=); an interpreter has no optimizer to report on	recorded-limitation:retained-artifact-row	Bash++ backend unsupported: optimizer diagnostics are a compiler artifact; the check interface has no inlining, escape-analysis or SSA meaning
testdir:uintptrescapes3.go	testdir	run	interpreted	excluded	gc-observation	runtime.SetFinalizer+runtime.GC on interpreter-owned values: D7's ground (165 D9)	recorded-limitation:D9-finalizer-makefunc	uintptrescapes3.go:51:29: gosource: original callback signature requires value-semantics parameters and supported results
testdir:uintptrkeepalive.go	testdir	errorcheck	interpreted	excluded	gc-only-check	errorcheck expects a gc-only diagnostic go/types cannot express	recorded-limitation:D5-gc-only	compilation succeeded unexpectedly
testdir:unsafe_slice_data.go	testdir	run	interpreted	excluded	unsafe-reinterpretation	unsafe.Pointer memory reinterpretation: the interpreter has no native memory model	recorded-limitation:D7-unsafe-pointer	unsafe_slice_data.go:17:48: BASHPP-EEXPR-FORM: unsupported scalar expression *syntax.BashPPAddressExpr
testdir:unsafe_string_data.go	testdir	run	interpreted	excluded	unsafe-reinterpretation	unsafe.Pointer memory reinterpretation: the interpreter has no native memory model	recorded-limitation:D7-unsafe-pointer	unsafe_string_data.go:17:48: BASHPP-EEXPR-FORM: unsupported scalar expression *syntax.BashPPAddressExpr
testdir:writebarrier.go	testdir	errorcheck	interpreted	excluded	compiler-diagnostic	test asserts gc optimizer output (-m/-d=); an interpreter has no optimizer to report on	recorded-limitation:retained-artifact-row	Bash++ backend unsupported: optimizer diagnostics are a compiler artifact; the check interface has no inlining, escape-analysis or SSA meaning
